
--  INSERTAR GENEROS
INSERT INTO GENERO (TIPOGENERO) VALUES ('Pop');        --  1
INSERT INTO GENERO (TIPOGENERO) VALUES ('Rock');       --  2
INSERT INTO GENERO (TIPOGENERO) VALUES ('Regueton');   --  3
INSERT INTO GENERO (TIPOGENERO) VALUES ('Rap');        --  4
INSERT INTO GENERO (TIPOGENERO) VALUES ('Jazz');       --  5
INSERT INTO GENERO (TIPOGENERO) VALUES ('Electrónica');--  6
INSERT INTO GENERO (TIPOGENERO) VALUES ('Blues');      --  7
INSERT INTO GENERO (TIPOGENERO) VALUES ('Salsa');      --  8
INSERT INTO GENERO (TIPOGENERO) VALUES ('Metal');      --  9
INSERT INTO GENERO (TIPOGENERO) VALUES ('Country');    --  10
INSERT INTO GENERO (TIPOGENERO) VALUES ('Folk');       --  11
INSERT INTO GENERO (TIPOGENERO) VALUES ('Clásica');    --  12


--  ADELE
INSERT INTO ARTISTA (NOMBREARTISTA, PAISARTISTA, BIOGRAFIAARTISTA, TIPOARTISTA) --  1
VALUES ('Adele', 'Reino Unido', 'Cantante y compositora', 'Vocalista'); --  adele

INSERT INTO ALBUM (NOMBREALBUM, AÑOALBUM) --  1
VALUES ('21', 2011); --  adele

INSERT INTO CANCION (IDALBUM, IDGENERO, NOMBRECANCION, LETRACANCION) --  1
VALUES (1, 1, 'Rolling in the Deep', 'We could have had it all...'); --  adele

INSERT INTO CANCION_ARTISTA (IDCANCION, IDARTISTA)
VALUES (1, 1); -- adele -- 1


-- ARIANAGRANDE
INSERT INTO ARTISTA (NOMBREARTISTA, PAISARTISTA, BIOGRAFIAARTISTA, TIPOARTISTA) -- 2
VALUES ('Ariana Grande', 'Estados Unidos', 'Cantante y actriz', 'Vocalista'); -- arianagrande

INSERT INTO ALBUM (NOMBREALBUM, AÑOALBUM)-- 2
VALUES ('Thank U, Next', 2019); -- arianagrande

INSERT INTO CANCION (IDALBUM, IDGENERO, NOMBRECANCION, LETRACANCION)-- 2
VALUES (2, 1, '7 Rings', 'I want it, I got it...'); -- arianagrande

INSERT INTO CANCION_ARTISTA (IDCANCION, IDARTISTA)-- 2
VALUES (2, 2); -- arianagrande


-- TAYLORSWIFT
INSERT INTO ARTISTA (NOMBREARTISTA, PAISARTISTA, BIOGRAFIAARTISTA, TIPOARTISTA)-- 3
VALUES ('Taylor Swift', 'Estados Unidos', 'Cantante y compositora', 'Vocalista'); -- taylorswift

INSERT INTO ALBUM (NOMBREALBUM, AÑOALBUM)-- 3
VALUES ('1989', 2014); -- taylorswift

INSERT INTO CANCION (IDALBUM, IDGENERO, NOMBRECANCION, LETRACANCION)-- 3
VALUES (3, 1, 'Blank Space', 'Got a long list of ex-lovers...'); -- taylorswift

INSERT INTO CANCION_ARTISTA (IDCANCION, IDARTISTA)
VALUES (3, 3); -- taylorswift


-- ROSALIA
INSERT INTO ARTISTA (NOMBREARTISTA, PAISARTISTA, BIOGRAFIAARTISTA, TIPOARTISTA)-- 4
VALUES ('Rosalía', 'España', 'Cantante y compositora', 'Vocalista'); -- rosalia

INSERT INTO ALBUM (NOMBREALBUM, AÑOALBUM)-- 4
VALUES ('Motomami', 2022); -- rosalia

INSERT INTO CANCION (IDALBUM, IDGENERO, NOMBRECANCION, LETRACANCION)-- 4
VALUES (4, 3, 'Saoko', 'Saoko papi saoko...'); -- rosalia

INSERT INTO CANCION_ARTISTA (IDCANCION, IDARTISTA)-- 4
VALUES (4, 4); -- rosalia


-- SABRINACARPENTER
INSERT INTO ARTISTA (NOMBREARTISTA, PAISARTISTA, BIOGRAFIAARTISTA, TIPOARTISTA)-- 5
VALUES ('Sabrina Carpenter', 'Estados Unidos', 'Cantante y actriz', 'Vocalista'); -- sabrinacarpenter

INSERT INTO ALBUM (NOMBREALBUM, AÑOALBUM)-- 5
VALUES ('Emails I Can’t Send', 2022); -- sabrinacarpenter

INSERT INTO CANCION (IDALBUM, IDGENERO, NOMBRECANCION, LETRACANCION)-- 5
VALUES (5, 1, 'Nonsense', 'This song is nonsense...'); -- sabrinacarpenter

INSERT INTO CANCION_ARTISTA (IDCANCION, IDARTISTA)-- 5
VALUES (5, 5); -- sabrinacarpenter

-- MILEYCYRUS
INSERT INTO ARTISTA (NOMBREARTISTA, PAISARTISTA, BIOGRAFIAARTISTA, TIPOARTISTA)-- 6
VALUES ('Miley Cyrus', 'Estados Unidos', 'Cantante y actriz', 'Vocalista');

INSERT INTO ALBUM (NOMBREALBUM, AÑOALBUM)-- 6
VALUES ('Endless Summer Vacation', 2023);

INSERT INTO CANCION (IDALBUM, IDGENERO, NOMBRECANCION, LETRACANCION)-- 6
VALUES (6, 1, 'Flowers', 'I can buy myself flowers...');

INSERT INTO CANCION_ARTISTA (IDCANCION, IDARTISTA)
VALUES (6, 6);


-- BRUNOMARS
INSERT INTO ARTISTA (NOMBREARTISTA, PAISARTISTA, BIOGRAFIAARTISTA, TIPOARTISTA)-- 7
VALUES ('Bruno Mars', 'Estados Unidos', 'Cantante, compositor y productor', 'Vocalista');

INSERT INTO ALBUM (NOMBREALBUM, AÑOALBUM)-- 7
VALUES ('24K Magic', 2016);

INSERT INTO CANCION (IDALBUM, IDGENERO, NOMBRECANCION, LETRACANCION)-- 7
VALUES (7, 1, '24K Magic', 'Players, put yo pinky rings up...');

INSERT INTO CANCION_ARTISTA (IDCANCION, IDARTISTA)
VALUES (7, 7);


-- EDSHEERAN
INSERT INTO ARTISTA (NOMBREARTISTA, PAISARTISTA, BIOGRAFIAARTISTA, TIPOARTISTA)-- 8
VALUES ('Ed Sheeran', 'Reino Unido', 'Cantante y compositor', 'Vocalista');

INSERT INTO ALBUM (NOMBREALBUM, AÑOALBUM)-- 8
VALUES ('Divide', 2017);

INSERT INTO CANCION (IDALBUM, IDGENERO, NOMBRECANCION, LETRACANCION)-- 8
VALUES (8, 1, 'Shape of You', 'Im in love with the shape of you...');

INSERT INTO CANCION_ARTISTA (IDCANCION, IDARTISTA)-- 8
VALUES (8, 8);


-- RIHANNA
INSERT INTO ARTISTA (NOMBREARTISTA, PAISARTISTA, BIOGRAFIAARTISTA, TIPOARTISTA)-- 9
VALUES ('Rihanna', 'Barbados', 'Cantante y empresaria', 'Vocalista');

INSERT INTO ALBUM (NOMBREALBUM, AÑOALBUM)-- 9
VALUES ('Anti', 2016);

INSERT INTO CANCION (IDALBUM, IDGENERO, NOMBRECANCION, LETRACANCION)-- 9
VALUES (9, 1, 'Work', 'Work work work...');

INSERT INTO CANCION_ARTISTA (IDCANCION, IDARTISTA)
VALUES (9, 9);


-- DAVIDBOWIE
INSERT INTO ARTISTA (NOMBREARTISTA, PAISARTISTA, BIOGRAFIAARTISTA, TIPOARTISTA)-- 10
VALUES ('David Bowie', 'Reino Unido', 'Cantante y compositor', 'Vocalista');

INSERT INTO ALBUM (NOMBREALBUM, AÑOALBUM)-- 10
VALUES ('The Rise and Fall of Ziggy Stardust', 1972);

INSERT INTO CANCION (IDALBUM, IDGENERO, NOMBRECANCION, LETRACANCION)-- 10
VALUES (10, 2, 'Starman', 'There’s a starman waiting in the sky...');

INSERT INTO CANCION_ARTISTA (IDCANCION, IDARTISTA)
VALUES (10, 10);


-- SODAESTEREO
INSERT INTO AGRUPACION (NOMBREAGRUPACION) VALUES ('Soda Estereo');-- 1

INSERT INTO ARTISTA (NOMBREARTISTA, PAISARTISTA, BIOGRAFIAARTISTA, TIPOARTISTA)-- 11
VALUES ('Gustavo Cerati', 'Argentina', 'Vocalista Soda Estereo', 'Vocalista');
INSERT INTO ARTISTA (NOMBREARTISTA, PAISARTISTA, BIOGRAFIAARTISTA, TIPOARTISTA)-- 12
VALUES ('Zeta Bosio', 'Argentina', 'Bajista Soda Estereo', 'Bajista');
INSERT INTO ARTISTA (NOMBREARTISTA, PAISARTISTA, BIOGRAFIAARTISTA, TIPOARTISTA)-- 13
VALUES ('Charly Alberti', 'Argentina', 'Baterista Soda Estereo', 'Baterista');

INSERT INTO ARTISTA_AGRUPACION (IDARTISTA, IDAGRUPACION) VALUES (11, 1);
INSERT INTO ARTISTA_AGRUPACION (IDARTISTA, IDAGRUPACION) VALUES (12, 1);
INSERT INTO ARTISTA_AGRUPACION (IDARTISTA, IDAGRUPACION) VALUES (13, 1);


INSERT INTO ALBUM (NOMBREALBUM, AÑOALBUM) VALUES ('Doble Vida', 1988);  --  IDALBUM = 11

INSERT INTO CANCION (IDALBUM, IDGENERO, NOMBRECANCION, LETRACANCION)
VALUES (11, 2, 'Ciudad de la furia', 'Me verás volver...');  --  IDCANCION = 11

INSERT INTO CANCION_ARTISTA (IDCANCION, IDARTISTA) VALUES (11, 11);
INSERT INTO CANCION_ARTISTA (IDCANCION, IDARTISTA) VALUES (11, 12);
INSERT INTO CANCION_ARTISTA (IDCANCION, IDARTISTA) VALUES (11, 13);

-- 2. Hombres G
INSERT INTO AGRUPACION (NOMBREAGRUPACION) VALUES ('Hombres G');-- 2

INSERT INTO ARTISTA (NOMBREARTISTA, PAISARTISTA, BIOGRAFIAARTISTA, TIPOARTISTA)-- 14
VALUES ('David Summers', 'España', 'Vocalista y bajista', 'Vocalista-Bajista');
INSERT INTO ARTISTA (NOMBREARTISTA, PAISARTISTA, BIOGRAFIAARTISTA, TIPOARTISTA)-- 15
VALUES ('Rafael Gutiérrez', 'España', 'Guitarrista', 'Guitarrista');
INSERT INTO ARTISTA (NOMBREARTISTA, PAISARTISTA, BIOGRAFIAARTISTA, TIPOARTISTA)-- 16
VALUES ('Daniel Mezquita', 'España', 'Guitarrista rítmico', 'Guitarrista');
INSERT INTO ARTISTA (NOMBREARTISTA, PAISARTISTA, BIOGRAFIAARTISTA, TIPOARTISTA)-- 17
VALUES ('Javier Molina', 'España', 'Baterista', 'Baterista');

INSERT INTO ARTISTA_AGRUPACION (IDARTISTA, IDAGRUPACION) VALUES (14, 2);
INSERT INTO ARTISTA_AGRUPACION (IDARTISTA, IDAGRUPACION) VALUES (15, 2);
INSERT INTO ARTISTA_AGRUPACION (IDARTISTA, IDAGRUPACION) VALUES (16, 2);
INSERT INTO ARTISTA_AGRUPACION (IDARTISTA, IDAGRUPACION) VALUES (17, 2);

INSERT INTO ALBUM (NOMBREALBUM, AÑOALBUM) VALUES ('Hombres G', 1985);  --  IDALBUM = 12
INSERT INTO CANCION (IDALBUM, IDGENERO, NOMBRECANCION, LETRACANCION)
VALUES (12, 2, 'Devuélveme a mi chica', 'Sufro por ti...');  --  IDCANCION = 12

INSERT INTO CANCION_ARTISTA (IDCANCION, IDARTISTA) VALUES (12, 14);
INSERT INTO CANCION_ARTISTA (IDCANCION, IDARTISTA) VALUES (12, 15);
INSERT INTO CANCION_ARTISTA (IDCANCION, IDARTISTA) VALUES (12, 16);
INSERT INTO CANCION_ARTISTA (IDCANCION, IDARTISTA) VALUES (12, 17);

-- 3. Miranda
INSERT INTO AGRUPACION (NOMBREAGRUPACION) VALUES ('Miranda'); -- 3

INSERT INTO ARTISTA (NOMBREARTISTA, PAISARTISTA, BIOGRAFIAARTISTA, TIPOARTISTA)-- 18
VALUES ('Ale Sergi', 'Argentina', 'Vocalista', 'Vocalista');
INSERT INTO ARTISTA (NOMBREARTISTA, PAISARTISTA, BIOGRAFIAARTISTA, TIPOARTISTA)-- 19
VALUES ('Bruno de Vincenti', 'Argentina', 'Tecladista', 'Tecladista');

INSERT INTO ARTISTA_AGRUPACION (IDARTISTA, IDAGRUPACION) VALUES (18, 3);
INSERT INTO ARTISTA_AGRUPACION (IDARTISTA, IDAGRUPACION) VALUES (19, 3);

INSERT INTO ALBUM (NOMBREALBUM, AÑOALBUM) VALUES ('Sin Restricciones', 2004);  --  IDALBUM = 13
INSERT INTO CANCION (IDALBUM, IDGENERO, NOMBRECANCION, LETRACANCION)
VALUES (13, 1, 'Don', 'La chica de ayer...');  --  IDCANCION = 13

INSERT INTO CANCION_ARTISTA (IDCANCION, IDARTISTA) VALUES (13, 18);
INSERT INTO CANCION_ARTISTA (IDCANCION, IDARTISTA) VALUES (13, 19);

-- 4. The Police
INSERT INTO AGRUPACION (NOMBREAGRUPACION) VALUES ('The Police');-- 4

INSERT INTO ARTISTA (NOMBREARTISTA, PAISARTISTA, BIOGRAFIAARTISTA, TIPOARTISTA) -- 20
VALUES ('Sting', 'Reino Unido', 'Vocalista y bajista', 'Vocalista-Bajista');-- 20
INSERT INTO ARTISTA (NOMBREARTISTA, PAISARTISTA, BIOGRAFIAARTISTA, TIPOARTISTA)-- 21
VALUES ('Andy Summers', 'Reino Unido', 'Guitarrista', 'Guitarrista');
INSERT INTO ARTISTA (NOMBREARTISTA, PAISARTISTA, BIOGRAFIAARTISTA, TIPOARTISTA)-- 22
VALUES ('Stewart Copeland', 'Reino Unido', 'Baterista', 'Baterista');

INSERT INTO ARTISTA_AGRUPACION (IDARTISTA, IDAGRUPACION) VALUES (20, 4);
INSERT INTO ARTISTA_AGRUPACION (IDARTISTA, IDAGRUPACION) VALUES (21, 4);
INSERT INTO ARTISTA_AGRUPACION (IDARTISTA, IDAGRUPACION) VALUES (22, 4);

INSERT INTO ALBUM (NOMBREALBUM, AÑOALBUM) VALUES ('Synchronicity', 1983);  --  IDALBUM = 14
INSERT INTO CANCION (IDALBUM, IDGENERO, NOMBRECANCION, LETRACANCION)
VALUES (14, 1, 'Every Breath You Take', 'Every move you make...');  --  IDCANCION = 14

INSERT INTO CANCION_ARTISTA (IDCANCION, IDARTISTA) VALUES (14, 20);
INSERT INTO CANCION_ARTISTA (IDCANCION, IDARTISTA) VALUES (14, 21);
INSERT INTO CANCION_ARTISTA (IDCANCION, IDARTISTA) VALUES (14, 22);

-- 5. Héroes del Silencio
INSERT INTO AGRUPACION (NOMBREAGRUPACION) VALUES ('Héroes del Silencio'); -- 5

INSERT INTO ARTISTA (NOMBREARTISTA, PAISARTISTA, BIOGRAFIAARTISTA, TIPOARTISTA)-- 23
VALUES ('Enrique Bunbury', 'España', 'Vocalista', 'Vocalista');
INSERT INTO ARTISTA (NOMBREARTISTA, PAISARTISTA, BIOGRAFIAARTISTA, TIPOARTISTA)-- 24
VALUES ('Juan Valdivia', 'España', 'Guitarrista', 'Guitarrista');
INSERT INTO ARTISTA (NOMBREARTISTA, PAISARTISTA, BIOGRAFIAARTISTA, TIPOARTISTA)-- 25
VALUES ('Joaquín Cardiel', 'España', 'Bajista', 'Bajista');
INSERT INTO ARTISTA (NOMBREARTISTA, PAISARTISTA, BIOGRAFIAARTISTA, TIPOARTISTA)-- 26
VALUES ('Pedro Andreu', 'España', 'Baterista', 'Baterista');

INSERT INTO ARTISTA_AGRUPACION (IDARTISTA, IDAGRUPACION) VALUES (23, 5);
INSERT INTO ARTISTA_AGRUPACION (IDARTISTA, IDAGRUPACION) VALUES (24, 5);
INSERT INTO ARTISTA_AGRUPACION (IDARTISTA, IDAGRUPACION) VALUES (25, 5);
INSERT INTO ARTISTA_AGRUPACION (IDARTISTA, IDAGRUPACION) VALUES (26, 5);

INSERT INTO ALBUM (NOMBREALBUM, AÑOALBUM) VALUES ('Senderos de Traición', 1990); --  IDALBUM = 15
INSERT INTO CANCION (IDALBUM, IDGENERO, NOMBRECANCION, LETRACANCION)
VALUES (15, 9, 'Entre Dos Tierras', 'Vuelvo a ti...'); --  IDCANCION = 15

INSERT INTO CANCION_ARTISTA (IDCANCION, IDARTISTA) VALUES (15, 23);
INSERT INTO CANCION_ARTISTA (IDCANCION, IDARTISTA) VALUES (15, 24);
INSERT INTO CANCION_ARTISTA (IDCANCION, IDARTISTA) VALUES (15, 25);
INSERT INTO CANCION_ARTISTA (IDCANCION, IDARTISTA) VALUES (15, 26);

-- 6. Mecano
INSERT INTO AGRUPACION (NOMBREAGRUPACION) VALUES ('Mecano');-- 6

INSERT INTO ARTISTA (NOMBREARTISTA, PAISARTISTA, BIOGRAFIAARTISTA, TIPOARTISTA)-- 27
VALUES ('Ana Torroja', 'España', 'Vocalista', 'Vocalista');
INSERT INTO ARTISTA (NOMBREARTISTA, PAISARTISTA, BIOGRAFIAARTISTA, TIPOARTISTA)-- 28
VALUES ('José María Cano', 'España', 'Compositor y tecladista', 'Tecladista');
INSERT INTO ARTISTA (NOMBREARTISTA, PAISARTISTA, BIOGRAFIAARTISTA, TIPOARTISTA)-- 29
VALUES ('Nacho Cano', 'España', 'Compositor y guitarrista', 'Guitarrista');

INSERT INTO ARTISTA_AGRUPACION (IDARTISTA, IDAGRUPACION) VALUES (27, 6);
INSERT INTO ARTISTA_AGRUPACION (IDARTISTA, IDAGRUPACION) VALUES (28, 6);
INSERT INTO ARTISTA_AGRUPACION (IDARTISTA, IDAGRUPACION) VALUES (29, 6);

INSERT INTO ALBUM (NOMBREALBUM, AÑOALBUM) VALUES ('Entre el cielo y el suelo', 1986); --  IDALBUM = 16
INSERT INTO CANCION (IDALBUM, IDGENERO, NOMBRECANCION, LETRACANCION)
VALUES (16, 7, 'Hijo de la Luna', 'Luna, luna...'); --  IDCANCION = 16

INSERT INTO CANCION_ARTISTA (IDCANCION, IDARTISTA) VALUES (16, 27);
INSERT INTO CANCION_ARTISTA (IDCANCION, IDARTISTA) VALUES (16, 28);
INSERT INTO CANCION_ARTISTA (IDCANCION, IDARTISTA) VALUES (16, 29);

-- 7. Bacilos
INSERT INTO AGRUPACION (NOMBREAGRUPACION) VALUES ('Bacilos');-- 7

INSERT INTO ARTISTA (NOMBREARTISTA, PAISARTISTA, BIOGRAFIAARTISTA, TIPOARTISTA)-- 30
VALUES ('Jorge Villamizar', 'Colombia', 'Vocalista y guitarra', 'Vocalista-Guitarra');
INSERT INTO ARTISTA (NOMBREARTISTA, PAISARTISTA, BIOGRAFIAARTISTA, TIPOARTISTA)-- 31
VALUES ('Andrés Castro', 'Colombia', 'Guitarrista y coros', 'Guitarrista');
INSERT INTO ARTISTA (NOMBREARTISTA, PAISARTISTA, BIOGRAFIAARTISTA, TIPOARTISTA)-- 32
VALUES ('José Javier Freire', 'Puerto Rico', 'Bajista', 'Bajista');

INSERT INTO ARTISTA_AGRUPACION (IDARTISTA, IDAGRUPACION) VALUES (30, 7);
INSERT INTO ARTISTA_AGRUPACION (IDARTISTA, IDAGRUPACION) VALUES (31, 7);
INSERT INTO ARTISTA_AGRUPACION (IDARTISTA, IDAGRUPACION) VALUES (32, 7);

INSERT INTO ALBUM (NOMBREALBUM, AÑOALBUM) VALUES ('Bacilos', 2000); --  IDALBUM = 17
INSERT INTO CANCION (IDALBUM, IDGENERO, NOMBRECANCION, LETRACANCION)
VALUES (17, 1, 'Caraluna', 'Caraluna...'); --  IDCANCION = 17

INSERT INTO CANCION_ARTISTA (IDCANCION, IDARTISTA) VALUES (17, 30);
INSERT INTO CANCION_ARTISTA (IDCANCION, IDARTISTA) VALUES (17, 31);
INSERT INTO CANCION_ARTISTA (IDCANCION, IDARTISTA) VALUES (17, 32);

-- 8. Zoé
INSERT INTO AGRUPACION (NOMBREAGRUPACION) VALUES ('Zoé');-- 8

INSERT INTO ARTISTA (NOMBREARTISTA, PAISARTISTA, BIOGRAFIAARTISTA, TIPOARTISTA)-- 33
VALUES ('Leon Larregui', 'México', 'Vocalista', 'Vocalista');
INSERT INTO ARTISTA (NOMBREARTISTA, PAISARTISTA, BIOGRAFIAARTISTA, TIPOARTISTA)-- 34
VALUES ('Sergio Acosta', 'México', 'Guitarrista', 'Guitarrista');
INSERT INTO ARTISTA (NOMBREARTISTA, PAISARTISTA, BIOGRAFIAARTISTA, TIPOARTISTA)-- 35
VALUES ('Jesus Báez', 'México', 'Baterista', 'Baterista');

INSERT INTO ARTISTA_AGRUPACION (IDARTISTA, IDAGRUPACION) VALUES (33, 8);
INSERT INTO ARTISTA_AGRUPACION (IDARTISTA, IDAGRUPACION) VALUES (34, 8);
INSERT INTO ARTISTA_AGRUPACION (IDARTISTA, IDAGRUPACION) VALUES (35, 8);

INSERT INTO ALBUM (NOMBREALBUM, AÑOALBUM) VALUES ('Memo Rex Commander y el Corazón Atómico de la Vía Láctea', 2006); --  IDALBUM = 18
INSERT INTO CANCION (IDALBUM, IDGENERO, NOMBRECANCION, LETRACANCION)
VALUES (18, 11, 'Vía Láctea', 'Vía Láctea...'); --  IDCANCION = 18

INSERT INTO CANCION_ARTISTA (IDCANCION, IDARTISTA) VALUES (18, 33);
INSERT INTO CANCION_ARTISTA (IDCANCION, IDARTISTA) VALUES (18, 34);
INSERT INTO CANCION_ARTISTA (IDCANCION, IDARTISTA) VALUES (18, 35);

-- 9. Aventura
INSERT INTO AGRUPACION (NOMBREAGRUPACION) VALUES ('Aventura'); --  IDAGRUPACION = 9

INSERT INTO ARTISTA (NOMBREARTISTA, PAISARTISTA, BIOGRAFIAARTISTA, TIPOARTISTA)-- 36
VALUES ('Romeo Santos', 'Estados Unidos', 'Vocalista y compositor', 'Vocalista');
INSERT INTO ARTISTA (NOMBREARTISTA, PAISARTISTA, BIOGRAFIAARTISTA, TIPOARTISTA)-- 37
VALUES ('Lenny Santos', 'Estados Unidos', 'Guitarrista', 'Guitarrista');
INSERT INTO ARTISTA (NOMBREARTISTA, PAISARTISTA, BIOGRAFIAARTISTA, TIPOARTISTA)-- 38
VALUES ('Henry Santos', 'Estados Unidos', 'Corista', 'Corista');
INSERT INTO ARTISTA (NOMBREARTISTA, PAISARTISTA, BIOGRAFIAARTISTA, TIPOARTISTA)-- 39
VALUES ('Max Santos', 'Estados Unidos', 'Bajista', 'Bajista');

INSERT INTO ARTISTA_AGRUPACION (IDARTISTA, IDAGRUPACION) VALUES (36, 9);
INSERT INTO ARTISTA_AGRUPACION (IDARTISTA, IDAGRUPACION) VALUES (37, 9);
INSERT INTO ARTISTA_AGRUPACION (IDARTISTA, IDAGRUPACION) VALUES (38, 9);
INSERT INTO ARTISTA_AGRUPACION (IDARTISTA, IDAGRUPACION) VALUES (39, 9);

INSERT INTO ALBUM (NOMBREALBUM, AÑOALBUM) VALUES ('We Broke the Rules', 2002); --  IDALBUM = 19
INSERT INTO CANCION (IDALBUM, IDGENERO, NOMBRECANCION, LETRACANCION)
VALUES (19, 8, 'Obsesión', 'Cada vez que te veo...'); --  IDCANCION = 19

INSERT INTO CANCION_ARTISTA (IDCANCION, IDARTISTA) VALUES (19, 36);
INSERT INTO CANCION_ARTISTA (IDCANCION, IDARTISTA) VALUES (19, 37);
INSERT INTO CANCION_ARTISTA (IDCANCION, IDARTISTA) VALUES (19, 38);
INSERT INTO CANCION_ARTISTA (IDCANCION, IDARTISTA) VALUES (19, 39);

-- 10. Calle 13
INSERT INTO AGRUPACION (NOMBREAGRUPACION) VALUES ('Calle 13'); --  IDAGRUPACION = 10

INSERT INTO ARTISTA (NOMBREARTISTA, PAISARTISTA, BIOGRAFIAARTISTA, TIPOARTISTA)-- 40
VALUES ('Residente', 'Puerto Rico', 'Vocalista principal', 'Vocalista');
INSERT INTO ARTISTA (NOMBREARTISTA, PAISARTISTA, BIOGRAFIAARTISTA, TIPOARTISTA)-- 41
VALUES ('Visitante', 'Puerto Rico', 'Productor y DJ', 'Productor-DJ');

INSERT INTO ARTISTA_AGRUPACION (IDARTISTA, IDAGRUPACION) VALUES (40, 10);
INSERT INTO ARTISTA_AGRUPACION (IDARTISTA, IDAGRUPACION) VALUES (41, 10);

INSERT INTO ALBUM (NOMBREALBUM, AÑOALBUM) VALUES ('Residente o Visitante', 2007); --  IDALBUM = 20
INSERT INTO CANCION (IDALBUM, IDGENERO, NOMBRECANCION, LETRACANCION)
VALUES (20, 3, 'Atrévete-te-te', 'Atrévete-te-te...'); --  IDCANCION = 20

INSERT INTO CANCION_ARTISTA (IDCANCION, IDARTISTA) VALUES (20, 40);
INSERT INTO CANCION_ARTISTA (IDCANCION, IDARTISTA) VALUES (20, 41);

-- DUETOS

INSERT INTO ARTISTA (NOMBREARTISTA, PAISARTISTA, BIOGRAFIAARTISTA, TIPOARTISTA)
VALUES ('Lady Gaga', 'Estados Unidos', 'Cantante y actriz', 'Vocalista'); --  Lady Gaga 42
INSERT INTO ARTISTA (NOMBREARTISTA, PAISARTISTA, BIOGRAFIAARTISTA, TIPOARTISTA)
VALUES ('Alejandro Sanz', 'España', 'Cantante y compositor', 'Vocalista'); --  Alejandro Sa43
INSERT INTO ARTISTA (NOMBREARTISTA, PAISARTISTA, BIOGRAFIAARTISTA, TIPOARTISTA)
VALUES ('Bizarrap', 'Argentina', 'Productor musical', 'Productor'); --  Bizarrap 44
INSERT INTO ARTISTA (NOMBREARTISTA, PAISARTISTA, BIOGRAFIAARTISTA, TIPOARTISTA)
VALUES ('Mon Laferte', 'Chile', 'Cantante y compositora', 'Vocalista'); --  Mon Laferte 45
INSERT INTO ARTISTA (NOMBREARTISTA, PAISARTISTA, BIOGRAFIAARTISTA, TIPOARTISTA)
VALUES ('Mark Ronson', 'Reino Unido', 'Productor y músico', 'Productor'); --  Mark Ronson 46
INSERT INTO ARTISTA (NOMBREARTISTA, PAISARTISTA, BIOGRAFIAARTISTA, TIPOARTISTA)   --  Shakira 47
VALUES ('SHAKIRA', 'Colombia', 'Compositora', 'Vocalista');
INSERT INTO ARTISTA (NOMBREARTISTA, PAISARTISTA, BIOGRAFIAARTISTA, TIPOARTISTA)   --  karol g 48
VALUES ('Karol G', 'Colombia', 'Medellin', 'Vocalista');
INSERT INTO ARTISTA (NOMBREARTISTA, PAISARTISTA, BIOGRAFIAARTISTA, TIPOARTISTA)   --  FREDDY MERCURY 49
VALUES ('Freddie Mercury', 'Inglaterra', '80s', 'Vocalista');

INSERT INTO AGRUPACION (NOMBREAGRUPACION) VALUES ('Shakira-Rihanna');-- 11
INSERT INTO AGRUPACION (NOMBREAGRUPACION) VALUES ('Shakira-Gustavo Cerati');-- 12
INSERT INTO AGRUPACION (NOMBREAGRUPACION) VALUES ('Taylor Swift-Sabrina Carpenter');-- 13
INSERT INTO AGRUPACION (NOMBREAGRUPACION) VALUES ('Karol G-Shakira');-- 14
INSERT INTO AGRUPACION (NOMBREAGRUPACION) VALUES ('Bruno Mars-Mark Ronson');-- 15
INSERT INTO AGRUPACION (NOMBREAGRUPACION) VALUES ('David Bowie-Freddie Mercury');-- 16
INSERT INTO AGRUPACION (NOMBREAGRUPACION) VALUES ('Shakira-Alejandro Sanz');-- 17
INSERT INTO AGRUPACION (NOMBREAGRUPACION) VALUES ('Residente-Bizarrap');-- 18
INSERT INTO AGRUPACION (NOMBREAGRUPACION) VALUES ('Bunbury-Mon Laferte');-- 19
INSERT INTO AGRUPACION (NOMBREAGRUPACION) VALUES ('Bruno Mars-Lady Gaga');-- 20

INSERT INTO ARTISTA_AGRUPACION (IDARTISTA, IDAGRUPACION) VALUES (47,11); --  Shakira-Rihanna: Shakira
INSERT INTO ARTISTA_AGRUPACION (IDARTISTA, IDAGRUPACION) VALUES (9,11); --  Shakira-Rihanna: Rihanna

INSERT INTO ARTISTA_AGRUPACION (IDARTISTA, IDAGRUPACION) VALUES (47,12); --  Shakira-Cerati: Shakira
INSERT INTO ARTISTA_AGRUPACION (IDARTISTA, IDAGRUPACION) VALUES (11,12); --  Shakira-Cerati: Cerati

INSERT INTO ARTISTA_AGRUPACION (IDARTISTA, IDAGRUPACION) VALUES (3,13); --  Taylor-Sabrina: Taylor Swift
INSERT INTO ARTISTA_AGRUPACION (IDARTISTA, IDAGRUPACION) VALUES (5,13); --  Taylor-Sabrina: Sabrina Carpenter

INSERT INTO ARTISTA_AGRUPACION (IDARTISTA, IDAGRUPACION) VALUES (48,14); --  Karol G-Shakira: Karol G
INSERT INTO ARTISTA_AGRUPACION (IDARTISTA, IDAGRUPACION) VALUES (47,14); --  Karol G-Shakira: Shakira

INSERT INTO ARTISTA_AGRUPACION (IDARTISTA, IDAGRUPACION) VALUES (7,15); --  Bruno Mars-Mark Ronson: Bruno Mars
INSERT INTO ARTISTA_AGRUPACION (IDARTISTA, IDAGRUPACION) VALUES (46,15); --  Bruno Mars-Mark Ronson: Mark Ronson

INSERT INTO ARTISTA_AGRUPACION (IDARTISTA, IDAGRUPACION) VALUES (10,16); --  David Bowie-FREDDY: David Bowie
INSERT INTO ARTISTA_AGRUPACION (IDARTISTA, IDAGRUPACION) VALUES (49,16); --  David Bowie-FREDDY

INSERT INTO ARTISTA_AGRUPACION (IDARTISTA, IDAGRUPACION) VALUES (47,17); --  Shakira-Alejandro Sanz: Shakira
INSERT INTO ARTISTA_AGRUPACION (IDARTISTA, IDAGRUPACION) VALUES (43,17); --  Shakira-Alejandro Sanz: Alejandro Sanz

INSERT INTO ARTISTA_AGRUPACION (IDARTISTA, IDAGRUPACION) VALUES (40,18); --  Residente-Bizarrap: Residente
INSERT INTO ARTISTA_AGRUPACION (IDARTISTA, IDAGRUPACION) VALUES (44,18); --  Residente-Bizarrap: Bizarrap

INSERT INTO ARTISTA_AGRUPACION (IDARTISTA, IDAGRUPACION) VALUES (23,19); --  Bunbury-Mon Laferte: Bunbury
INSERT INTO ARTISTA_AGRUPACION (IDARTISTA, IDAGRUPACION) VALUES (45,19); --  Bunbury-Mon Laferte: Mon Laferte

INSERT INTO ARTISTA_AGRUPACION (IDARTISTA, IDAGRUPACION) VALUES (7,20); --  Bruno Mars-Lady Gaga: Bruno Mars
INSERT INTO ARTISTA_AGRUPACION (IDARTISTA, IDAGRUPACION) VALUES (42,20); --  Bruno Mars-Lady Gaga: Lady Gaga


-- Shakira-Rihanna
INSERT INTO ALBUM (NOMBREALBUM, AÑOALBUM) VALUES ('Beautiful Liar', 2007); --  IDALBUM = 21
INSERT INTO CANCION (IDALBUM, IDGENERO, NOMBRECANCION, LETRACANCION)
VALUES (21,1,'Beautiful Liar','Tell me why am I not enough alone...'); --  IDCANCION = 21
INSERT INTO CANCION_ARTISTA (IDCANCION, IDARTISTA) VALUES (21,47); --  Shakira
INSERT INTO CANCION_ARTISTA (IDCANCION, IDARTISTA) VALUES (21,9); --  Rihanna

-- Shakira-Cerati
INSERT INTO ALBUM (NOMBREALBUM, AÑOALBUM) VALUES ('Donde estan los ladrones', 2008); --  IDALBUM = 22
INSERT INTO CANCION (IDALBUM, IDGENERO, NOMBRECANCION, LETRACANCION)
VALUES (22,2,'No','No quiero verte sufrir...'); --  IDCANCION = 22
INSERT INTO CANCION_ARTISTA (IDCANCION, IDARTISTA) VALUES (22,47); --  Shakira
INSERT INTO CANCION_ARTISTA (IDCANCION, IDARTISTA) VALUES (22,11); --  Cerati

-- Taylor Swift-Sabrina Carpenter
INSERT INTO ALBUM (NOMBREALBUM, AÑOALBUM) VALUES ('Bad Reputation', 2022); --  IDALBUM = 23
INSERT INTO CANCION (IDALBUM, IDGENERO, NOMBRECANCION, LETRACANCION)
VALUES (23,1,'Bad Reputation','We don’t care what they say...'); --  IDCANCION = 23
INSERT INTO CANCION_ARTISTA (IDCANCION, IDARTISTA) VALUES (23,3); --  Taylor Swift
INSERT INTO CANCION_ARTISTA (IDCANCION, IDARTISTA) VALUES (23,5); --  Sabrina Carpenter

-- Karol G-Shakira
INSERT INTO ALBUM (NOMBREALBUM, AÑOALBUM) VALUES ('TQG', 2023); --  IDALBUM = 24
INSERT INTO CANCION (IDALBUM, IDGENERO, NOMBRECANCION, LETRACANCION)
VALUES (24,3,'TQG','Te quiero grande...'); --  IDCANCION = 24
INSERT INTO CANCION_ARTISTA (IDCANCION, IDARTISTA) VALUES (24,48); --  Karol G
INSERT INTO CANCION_ARTISTA (IDCANCION, IDARTISTA) VALUES (24,47); --  Shakira

-- Bruno Mars-Mark Ronson
INSERT INTO ALBUM (NOMBREALBUM, AÑOALBUM) VALUES ('Uptown Funk', 2014); --  IDALBUM = 25
INSERT INTO CANCION (IDALBUM, IDGENERO, NOMBRECANCION, LETRACANCION)
VALUES (25,6,'Uptown Funk','This hit, that ice cold...'); --  IDCANCION = 25
INSERT INTO CANCION_ARTISTA (IDCANCION, IDARTISTA) VALUES (25,7); --  Bruno Mars
INSERT INTO CANCION_ARTISTA (IDCANCION, IDARTISTA) VALUES (25,46); --  Mark Ronson

-- David Bowie-Queen
INSERT INTO ALBUM (NOMBREALBUM, AÑOALBUM) VALUES ('Under Pressure', 1981); --  IDALBUM = 26
INSERT INTO CANCION (IDALBUM, IDGENERO, NOMBRECANCION, LETRACANCION)
VALUES (26,9,'Under Pressure','Pressure pushing down on me...'); --  IDCANCION = 26
INSERT INTO CANCION_ARTISTA (IDCANCION, IDARTISTA) VALUES (26,10); --  David Bowie
INSERT INTO CANCION_ARTISTA (IDCANCION, IDARTISTA) VALUES (26,49); --  Freddie

-- Shakira-Alejandro Sanz
INSERT INTO ALBUM (NOMBREALBUM, AÑOALBUM) VALUES ('FIJACION ORAL', 2005); --  IDALBUM = 27
INSERT INTO CANCION (IDALBUM, IDGENERO, NOMBRECANCION, LETRACANCION)
VALUES (27,3,'La Tortura','Ay papi, yo sé que tú me amas...'); --  IDCANCION = 27
INSERT INTO CANCION_ARTISTA (IDCANCION, IDARTISTA) VALUES (27,47); --  Shakira
INSERT INTO CANCION_ARTISTA (IDCANCION, IDARTISTA) VALUES (27,43); --  Alejandro Sanz

-- Residente-Bizarrap
INSERT INTO ALBUM (NOMBREALBUM, AÑOALBUM) VALUES ('BZRP Music Sessions #49', 2022); --  IDALBUM = 28
INSERT INTO CANCION (IDALBUM, IDGENERO, NOMBRECANCION, LETRACANCION)
VALUES (28,4,'BZRP Music Sessions #49','Lírica intensa y ritmo urbano...'); --  IDCANCION = 28
INSERT INTO CANCION_ARTISTA (IDCANCION, IDARTISTA) VALUES (28,40); --  Residente
INSERT INTO CANCION_ARTISTA (IDCANCION, IDARTISTA) VALUES (28,44); --  Bizarrap

-- Bunbury-Mon Laferte
INSERT INTO ALBUM (NOMBREALBUM, AÑOALBUM) VALUES ('Amor Ausente', 2023); --  IDALBUM = 29
INSERT INTO CANCION (IDALBUM, IDGENERO, NOMBRECANCION, LETRACANCION)
VALUES (29,4,'Amor Ausente','Entre la distancia y el deseo...'); --  IDCANCION = 29
INSERT INTO CANCION_ARTISTA (IDCANCION, IDARTISTA) VALUES (29,23); --  Bunbury
INSERT INTO CANCION_ARTISTA (IDCANCION, IDARTISTA) VALUES (29,45); --  Mon Laferte

-- Bruno Mars-Lady Gaga
INSERT INTO ALBUM (NOMBREALBUM, AÑOALBUM) VALUES ('Die with a Smile', 2020); --  IDALBUM = 30
INSERT INTO CANCION (IDALBUM, IDGENERO, NOMBRECANCION, LETRACANCION)
VALUES (30,1,'Die with a smile','If the world was ending'); --  IDCANCION = 30
INSERT INTO CANCION_ARTISTA (IDCANCION, IDARTISTA) VALUES (30,7); --  Bruno Mars
INSERT INTO CANCION_ARTISTA (IDCANCION, IDARTISTA) VALUES (30,42); --  Lady Gaga


-- 1. Paul McCartney en The Beatles y Wings
INSERT INTO ARTISTA (NOMBREARTISTA, PAISARTISTA, BIOGRAFIAARTISTA, TIPOARTISTA)-- 50
VALUES ('Paul McCartney','Reino Unido','Bajista y compositor de The Beatles y Wings','Vocalista-Bajista');

INSERT INTO AGRUPACION (NOMBREAGRUPACION) VALUES ('Wings'); -- 21
INSERT INTO ARTISTA_AGRUPACION (IDARTISTA, IDAGRUPACION) VALUES (50,21);

INSERT INTO ALBUM (NOMBREALBUM, AÑOALBUM) VALUES ('Band on the Run',1973); --  IDALBUM 31
INSERT INTO CANCION (IDALBUM, IDGENERO, NOMBRECANCION, LETRACANCION)
VALUES (31,10,'Band on the Run','Jet wait to...'); --  IDCANCION 31
INSERT INTO CANCION_ARTISTA(IDCANCION, IDARTISTA) VALUES (31,50);

-- 2. Michael Jackson (solista)
INSERT INTO ARTISTA (NOMBREARTISTA, PAISARTISTA, BIOGRAFIAARTISTA, TIPOARTISTA)-- 51
VALUES ('Michael Jackson','Estados Unidos','Rey del Pop','Vocalista');

INSERT INTO ALBUM (NOMBREALBUM, AÑOALBUM) VALUES ('Thriller',1982); --  IDALBUM 32
INSERT INTO CANCION (IDALBUM, IDGENERO, NOMBRECANCION, LETRACANCION)
VALUES (32,1,'Billie Jean','She was more like a beauty queen...'); --  IDCANCION 32
INSERT INTO CANCION_ARTISTA(IDCANCION, IDARTISTA) VALUES (32,51);




-- 3. Julian Casablancas en The Strokes y The Voidz
INSERT INTO ARTISTA (NOMBREARTISTA, PAISARTISTA, BIOGRAFIAARTISTA, TIPOARTISTA)-- 52
VALUES ('Julian Casablancas','Estados Unidos','Vocalista de The Strokes y The Voidz','Vocalista');

INSERT INTO AGRUPACION (NOMBREAGRUPACION) VALUES ('The Strokes'); --  IDAGRUPACION 22
INSERT INTO ARTISTA_AGRUPACION (IDARTISTA, IDAGRUPACION) VALUES (52,22);

INSERT INTO ALBUM (NOMBREALBUM, AÑOALBUM) VALUES ('Is This It',2001); --  IDALBUM 33
INSERT INTO CANCION (IDALBUM, IDGENERO, NOMBRECANCION, LETRACANCION)
VALUES (33,2,'Last Nite','Last night, she said...'); --  IDCANCION 33
INSERT INTO CANCION_ARTISTA(IDCANCION, IDARTISTA) VALUES (33,52);

INSERT INTO AGRUPACION (NOMBREAGRUPACION) VALUES ('The Voidz'); --  IDAGRUPACION 23
INSERT INTO ARTISTA_AGRUPACION (IDARTISTA, IDAGRUPACION) VALUES (52,23);

INSERT INTO ALBUM (NOMBREALBUM, AÑOALBUM) VALUES ('Virtue',2018); --  IDALBUM 34
INSERT INTO CANCION (IDALBUM, IDGENERO, NOMBRECANCION, LETRACANCION)
VALUES (34,1,'Leave It In My Dreams','Lyrics of Voidz...'); --  IDCANCION 34
INSERT INTO CANCION_ARTISTA(IDCANCION, IDARTISTA) VALUES (34,52);

-- 4. Dave Grohl (Foo Fighters y Nirvana)
INSERT INTO ARTISTA (NOMBREARTISTA, PAISARTISTA, BIOGRAFIAARTISTA, TIPOARTISTA)-- 53
VALUES ('Dave Grohl','Estados Unidos','Vocalista de Foo Fighters y Baterista de NIRVANA','Vocalista-Baterista');

INSERT INTO AGRUPACION (NOMBREAGRUPACION) VALUES ('Foo Fighters'); --  IDAGRUPACION 24
INSERT INTO ARTISTA_AGRUPACION (IDARTISTA, IDAGRUPACION) VALUES (53,24);

INSERT INTO ALBUM (NOMBREALBUM, AÑOALBUM) VALUES ('One by One',2002); --  IDALBUM 35
INSERT INTO CANCION (IDALBUM, IDGENERO, NOMBRECANCION, LETRACANCION)
VALUES (35,2,'ONE','yEAAAAAAH'); --  IDCANCION 35
INSERT INTO CANCION_ARTISTA(IDCANCION, IDARTISTA) VALUES (35,53);

INSERT INTO AGRUPACION (NOMBREAGRUPACION) VALUES ('NIRVANA'); --  IDAGRUPACION 25
INSERT INTO ARTISTA_AGRUPACION (IDARTISTA, IDAGRUPACION) VALUES (53,25);

INSERT INTO ALBUM (NOMBREALBUM, AÑOALBUM) VALUES ('NeverMind',1991); --  IDALBUM 36
INSERT INTO CANCION (IDALBUM, IDGENERO, NOMBRECANCION, LETRACANCION)
VALUES (36,1,'Smells Like Teen Spirit','Hell'); --  IDCANCION 36
INSERT INTO CANCION_ARTISTA(IDCANCION, IDARTISTA) VALUES (36,53);



-- Freddie Mercury (Queen y solista) -- 49

INSERT INTO AGRUPACION (NOMBREAGRUPACION) VALUES ('QUEEN'); --  IDAGRUPACION 26
INSERT INTO ARTISTA_AGRUPACION (IDARTISTA, IDAGRUPACION) VALUES (49,26);

INSERT INTO ALBUM (NOMBREALBUM, AÑOALBUM) VALUES ('The las show',1992); --  IDALBUM 37
INSERT INTO CANCION (IDALBUM, IDGENERO, NOMBRECANCION, LETRACANCION)
VALUES (37,5,'Show Must go on ','yEAAAAAAH'); --  IDCANCION 37
INSERT INTO CANCION_ARTISTA(IDCANCION, IDARTISTA) VALUES (37,49);

INSERT INTO ALBUM (NOMBREALBUM, AÑOALBUM) VALUES ('Sexy',1985); --  IDALBUM 38
INSERT INTO CANCION (IDALBUM, IDGENERO, NOMBRECANCION, LETRACANCION)
VALUES (38,1,'Body Language','Danceee'); --  IDCANCION 38
INSERT INTO CANCION_ARTISTA(IDCANCION, IDARTISTA) VALUES (38,49);


-- Nuevos Inserts
-- Insertar Mas Canciones de Adele artista 1
-- album 1
--
INSERT INTO CANCION (IDALBUM, IDGENERO, NOMBRECANCION, LETRACANCION) --  39
VALUES (1, 1, 'Set Fire to the rain ', 'But I ser Fire to the rain like a ..'); --  adele

INSERT INTO CANCION_ARTISTA (IDCANCION, IDARTISTA)
VALUES (39, 1); -- adele -- 1
--
INSERT INTO CANCION (IDALBUM, IDGENERO, NOMBRECANCION, LETRACANCION) --  40
VALUES (1, 1, 'Someone Like You ', 'Never I will find soemone like you ..'); --  adele

INSERT INTO CANCION_ARTISTA (IDCANCION, IDARTISTA)
VALUES (40, 1); -- adele -- 1

-- album 2 -- ID 39
INSERT INTO ALBUM (NOMBREALBUM, AÑOALBUM) -- 39
VALUES ('25', 2015); --  adele

INSERT INTO CANCION (IDALBUM, IDGENERO, NOMBRECANCION, LETRACANCION) --  41
VALUES (39, 11, 'Hello', 'Hello its is me youre looking for ...'); --  adele

INSERT INTO CANCION_ARTISTA (IDCANCION, IDARTISTA)
VALUES (41, 1); -- adele -- 1

INSERT INTO CANCION (IDALBUM, IDGENERO, NOMBRECANCION, LETRACANCION) --  42
VALUES (39, 11, 'Send My Love to My new Lover', 'sEND mY LOVE TO MY NEW LOVER TREAT HER BETTER ...'); --  adele

INSERT INTO CANCION_ARTISTA (IDCANCION, IDARTISTA)
VALUES (42, 1); -- adele -- 1



-- Ariana Grande --2
-- album 2
INSERT INTO ALBUM (NOMBREALBUM, AÑOALBUM)-- 40
VALUES ('Eternal Sunshine Deluxe', 2025); -- arianagrande

INSERT INTO CANCION (IDALBUM, IDGENERO, NOMBRECANCION, LETRACANCION)-- 43
VALUES (40, 4, 'Eternal Sunshine', 'How many times have to say Im sorry ...'); -- arianagrande

INSERT INTO CANCION_ARTISTA (IDCANCION, IDARTISTA)-- 2
VALUES (43, 2); -- arianagrande

-- album 3
INSERT INTO ALBUM (NOMBREALBUM, AÑOALBUM)-- 41
VALUES ('Sweetener', 2018); -- arianagrande

INSERT INTO CANCION (IDALBUM, IDGENERO, NOMBRECANCION, LETRACANCION)-- 44
VALUES (41, 4, 'Everytime', 'Back to you back to you back to you ...'); -- arianagrande

INSERT INTO CANCION_ARTISTA (IDCANCION, IDARTISTA)-- 2
VALUES (44, 2); -- arianagrande


-- Taylor Swift --3
-- album 1
INSERT INTO CANCION (IDALBUM, IDGENERO, NOMBRECANCION, LETRACANCION)-- 45
VALUES (3, 10, 'This Love', 'This Love comes back to me...'); -- taylorswift

INSERT INTO CANCION_ARTISTA (IDCANCION, IDARTISTA)
VALUES (45, 3); -- taylorswift


-- album 2
INSERT INTO ALBUM (NOMBREALBUM, AÑOALBUM) -- 42
VALUES ('The Life of a Show Girl', 2025); -- taylorswift

INSERT INTO CANCION (IDALBUM, IDGENERO, NOMBRECANCION, LETRACANCION)-- 46
VALUES (42, 1, 'The Fate of Ophelia', 'You ´ve been dreaming on...'); -- taylorswift

INSERT INTO CANCION_ARTISTA (IDCANCION, IDARTISTA)
VALUES (46, 3); -- taylorswift



-- ROSALIA --4
-- album 2 s
INSERT INTO ALBUM (NOMBREALBUM, AÑOALBUM)
VALUES ('Despecha', 2022); -- 43

INSERT INTO CANCION (IDALBUM, IDGENERO, NOMBRECANCION, LETRACANCION)-- 47
VALUES (43, 3, 'Despecha', 'Hoy and Despecha despecha...'); -- rosalia

INSERT INTO CANCION_ARTISTA (IDCANCION, IDARTISTA)-- 4
VALUES (47, 4); -- rosalia


-- SABRINACARPENTER 5
-- album 2
INSERT INTO ALBUM (NOMBREALBUM, AÑOALBUM)-- 44
VALUES ('Man´s BestFriend (Bonus Track Version)', 2026); -- sabrinacarpenter

INSERT INTO CANCION (IDALBUM, IDGENERO, NOMBRECANCION, LETRACANCION)-- 48
VALUES (44, 10, 'Manchild', 'You said your phone was broken...'); -- sabrinacarpenter

INSERT INTO CANCION_ARTISTA (IDCANCION, IDARTISTA)-- 5
VALUES (48, 5); -- sabrinacarpenter

-- album 3
INSERT INTO ALBUM (NOMBREALBUM, AÑOALBUM)-- 45
VALUES ('Short ´n Sweet ', 2024); -- sabrinacarpenter
--
INSERT INTO CANCION (IDALBUM, IDGENERO, NOMBRECANCION, LETRACANCION)-- 49
VALUES (45, 11, 'Sharpest Tool', 'I know you are not the best tool in the city...'); -- sabrinacarpenter

INSERT INTO CANCION_ARTISTA (IDCANCION, IDARTISTA)-- 5
VALUES (49, 5); -- sabrinacarpenter


-- Agrupacion SABRINA -TAYLOR YA EXISTE
INSERT INTO CANCION (IDALBUM, IDGENERO, NOMBRECANCION, LETRACANCION) -- 50
VALUES (42,1,'The Life of a ShowGirl','Her name was Kitty'); --  IDCANCION = 30
INSERT INTO CANCION_ARTISTA (IDCANCION, IDARTISTA) VALUES (50,3); --  Taylor
INSERT INTO CANCION_ARTISTA (IDCANCION, IDARTISTA) VALUES (50,5); --  Sabrina


-- Miley Cyrus 6
-- album 1 6
INSERT INTO CANCION (IDALBUM, IDGENERO, NOMBRECANCION, LETRACANCION)-- 51
VALUES (6, 7, 'River', 'You are just like a River...');

INSERT INTO CANCION_ARTISTA (IDCANCION, IDARTISTA)
VALUES (51, 6);

INSERT INTO CANCION (IDALBUM, IDGENERO, NOMBRECANCION, LETRACANCION)-- 52
VALUES (6, 1, 'Jaded', 'Shinning throught the bar...');

INSERT INTO CANCION_ARTISTA (IDCANCION, IDARTISTA)
VALUES (52, 6);

INSERT INTO CANCION (IDALBUM, IDGENERO, NOMBRECANCION, LETRACANCION)-- 53
VALUES (6, 12, 'Wonder Woman', 'Dhe always smiles...');

INSERT INTO CANCION_ARTISTA (IDCANCION, IDARTISTA)
VALUES (53, 6);


-- album 2
INSERT INTO ALBUM (NOMBREALBUM, AÑOALBUM)-- 46
VALUES ('The Time of our Lives', 2009);

INSERT INTO CANCION (IDALBUM, IDGENERO, NOMBRECANCION, LETRACANCION)-- 54
VALUES (46, 1, 'Party on the USA', 'Dream in my cardigan Like YEAHH...');

INSERT INTO CANCION_ARTISTA (IDCANCION, IDARTISTA)
VALUES (54, 6);



-- BRUNOMARS 7
-- album 1 7
INSERT INTO CANCION (IDALBUM, IDGENERO, NOMBRECANCION, LETRACANCION)-- 55
VALUES (7, 4, 'Finnese', 'So elegant so sweet...');

INSERT INTO CANCION_ARTISTA (IDCANCION, IDARTISTA)
VALUES (55, 7);


-- EDSHEERAN 8
-- album 1 8
INSERT INTO CANCION (IDALBUM, IDGENERO, NOMBRECANCION, LETRACANCION)-- 56
VALUES (8, 10, 'Castle on you', 'Im on my way...');

INSERT INTO CANCION_ARTISTA (IDCANCION, IDARTISTA)-- 8
VALUES (56, 8);

-- Agrupoacion taylor swift ed sheeran
INSERT INTO AGRUPACION (NOMBREAGRUPACION) VALUES ('Taylor Swift - Ed Sheeran');-- 27

INSERT INTO ARTISTA_AGRUPACION (IDARTISTA, IDAGRUPACION) VALUES (3,27); --  Taylor Swift - Ed sheeran: Taylor
INSERT INTO ARTISTA_AGRUPACION (IDARTISTA, IDAGRUPACION) VALUES (8,27); --  Taylor Swift - Ed sheeran: Edsheeran

INSERT INTO ALBUM (NOMBREALBUM, AÑOALBUM) VALUES ('RED (taylor version´s)', 2021); --  IDALBUM = 47

INSERT INTO CANCION (IDALBUM, IDGENERO, NOMBRECANCION, LETRACANCION)
VALUES (47,11,'Everything has changed','I just wanna know you you better '); --  IDCANCION = 57

INSERT INTO CANCION_ARTISTA (IDCANCION, IDARTISTA) VALUES (57,3); --  taylor
INSERT INTO CANCION_ARTISTA (IDCANCION, IDARTISTA) VALUES (57,8); --  Ed sheeran

-- RIHANNA 9
-- album 1 9
INSERT INTO CANCION (IDALBUM, IDGENERO, NOMBRECANCION, LETRACANCION)-- -58
VALUES (9, 6, 'Needed me', 'I thought you neeeeded me ...');

INSERT INTO CANCION_ARTISTA (IDCANCION, IDARTISTA)
VALUES (58, 9);

-- album 2
INSERT INTO ALBUM (NOMBREALBUM, AÑOALBUM)-- 48
VALUES ('Loud', 2010);

INSERT INTO CANCION (IDALBUM, IDGENERO, NOMBRECANCION, LETRACANCION)-- 59
VALUES (48, 6, 'S&M', 'Cause I migh bad but Im perfectly good at it...');

INSERT INTO CANCION_ARTISTA (IDCANCION, IDARTISTA)
VALUES (59, 9);

INSERT INTO CANCION (IDALBUM, IDGENERO, NOMBRECANCION, LETRACANCION)-- 60
VALUES (48, 6, 'ONLY GIRL IN THE WORLD', 'Cause you make feel like im the only girl ...');

INSERT INTO CANCION_ARTISTA (IDCANCION, IDARTISTA)
VALUES (60, 9);









